[
  {
    "prefecture": "福岡県",
    "municipality": "北九州市",
    "jisCode": "401005",
    "url": "https://www.city.kitakyushu.lg.jp/contents/924_10800.html",
    "pdfUrl": ""
  },
  {
    "prefecture": "福岡県",
    "municipality": "福岡市",
    "jisCode": "401307",
    "url": "https://www.city.fukuoka.lg.jp/hofuku/seikatsueisei/life/kurashinoeisei/kaisou.html",
    "pdfUrl": ""
  },
  {
    "prefecture": "福岡県",
    "municipality": "大牟田市",
    "jisCode": "402028",
    "url": "https://www.city.omuta.lg.jp/kiji00310866/index.html",
    "pdfUrl": ""
  },
  {
    "prefecture": "福岡県",
    "municipality": "久留米市",
    "jisCode": "402036",
    "url": "https://www.city.kurume.fukuoka.jp/1500soshiki/9073kanhozen/3020shinsei/kaisoukyoka.html",
    "pdfUrl": ""
  },
  {
    "prefecture": "福岡県",
    "municipality": "直方市",
    "jisCode": "402044",
    "url": "https://www.city.nogata.fukuoka.jp/kurashi/_1017/_1280/_2804.html",
    "pdfUrl": ""
  },
  {
    "prefecture": "福岡県",
    "municipality": "飯塚市",
    "jisCode": "402052",
    "url": "https://www.city.iizuka.lg.jp/k-sebiese/kurashi/bochi/ikotsu.html",
    "pdfUrl": ""
  },
  {
    "prefecture": "福岡県",
    "municipality": "田川市",
    "jisCode": "402061",
    "url": "https://www.joho.tagawa.fukuoka.jp/kiji0032344/index.html",
    "pdfUrl": ""
  },
  {
    "prefecture": "福岡県",
    "municipality": "柳川市",
    "jisCode": "402079",
    "url": "https://www.city.yanagawa.fukuoka.jp/kurashi/bochi/bochi_bochikaisokyoka.html",
    "pdfUrl": ""
  },
  {
    "prefecture": "福岡県",
    "municipality": "八女市",
    "jisCode": "402109",
    "url": "https://www.city.yame.fukuoka.jp/soshiki/shimin/11/shinseisho/1455882104474.html",
    "pdfUrl": ""
  },
  {
    "prefecture": "福岡県",
    "municipality": "筑後市",
    "jisCode": "402117",
    "url": "https://www.city.chikugo.lg.jp/kurashi/_30656/_2068/",
    "pdfUrl": ""
  },
  {
    "prefecture": "福岡県",
    "municipality": "大川市",
    "jisCode": "402125",
    "url": "https://www.city.okawa.lg.jp/s023/010/010/010/010/010/20150214105643.html",
    "pdfUrl": ""
  },
  {
    "prefecture": "福岡県",
    "municipality": "行橋市",
    "jisCode": "402133",
    "url": "https://www.city.yukuhashi.fukuoka.jp/soshiki/30/13373.html",
    "pdfUrl": ""
  },
  {
    "prefecture": "福岡県",
    "municipality": "豊前市",
    "jisCode": "402141",
    "url": "https://www.city.buzen.lg.jp/kankyo/kaisou.html",
    "pdfUrl": ""
  },
  {
    "prefecture": "福岡県",
    "municipality": "中間市",
    "jisCode": "402150",
    "url": "https://www.city.nakama.lg.jp/soshiki/27/9431.html",
    "pdfUrl": ""
  },
  {
    "prefecture": "福岡県",
    "municipality": "小郡市",
    "jisCode": "402168",
    "url": "https://www.city.ogori.fukuoka.jp/197/250/658",
    "pdfUrl": ""
  },
  {
    "prefecture": "福岡県",
    "municipality": "筑紫野市",
    "jisCode": "402176",
    "url": "https://www.city.chikushino.fukuoka.jp/soshiki/29/3212.html#yousiki",
    "pdfUrl": ""
  },
  {
    "prefecture": "福岡県",
    "municipality": "春日市",
    "jisCode": "402184",
    "url": "https://www.city.kasuga.fukuoka.jp/kurashi/gomi/1001264.html",
    "pdfUrl": ""
  },
  {
    "prefecture": "福岡県",
    "municipality": "大野城市",
    "jisCode": "402192",
    "url": "https://www.city.onojo.fukuoka.jp/s070/130/010/20231107100530.html",
    "pdfUrl": ""
  },
  {
    "prefecture": "福岡県",
    "municipality": "宗像市",
    "jisCode": "402206",
    "url": "https://www.city.munakata.lg.jp/kiji0031588/index.html",
    "pdfUrl": ""
  },
  {
    "prefecture": "福岡県",
    "municipality": "太宰府市",
    "jisCode": "402214",
    "url": "https://www.city.dazaifu.lg.jp/soshiki/10/1874.html",
    "pdfUrl": ""
  },
  {
    "prefecture": "福岡県",
    "municipality": "古賀市",
    "jisCode": "402231",
    "url": "https://www.city.koga.fukuoka.jp/cityhall/work/kankyo/protect/protect002/005.php",
    "pdfUrl": ""
  },
  {
    "prefecture": "福岡県",
    "municipality": "福津市",
    "jisCode": "402249",
    "url": "https://www.city.fukutsu.lg.jp/kurashi/seikatsu/7313.html",
    "pdfUrl": ""
  },
  {
    "prefecture": "福岡県",
    "municipality": "うきは市",
    "jisCode": "402257",
    "url": "https://www.city.ukiha.fukuoka.jp/kiji0036017/index.html",
    "pdfUrl": ""
  },
  {
    "prefecture": "福岡県",
    "municipality": "宮若市",
    "jisCode": "402265",
    "url": "https://www.city.miyawaka.lg.jp/kiji003444381/index.html",
    "pdfUrl": ""
  },
  {
    "prefecture": "福岡県",
    "municipality": "嘉麻市",
    "jisCode": "402273",
    "url": "https://www.city.kama.lg.jp/soshiki/11/17271.html",
    "pdfUrl": ""
  },
  {
    "prefecture": "福岡県",
    "municipality": "朝倉市",
    "jisCode": "402281",
    "url": "https://www.city.asakura.lg.jp/www/contents/1326416190913/index.html",
    "pdfUrl": ""
  },
  {
    "prefecture": "福岡県",
    "municipality": "みやま市",
    "jisCode": "402290",
    "url": "https://www.city.miyama.lg.jp/s030/kurashi/environ/010/020/20230913163013.html",
    "pdfUrl": ""
  },
  {
    "prefecture": "福岡県",
    "municipality": "糸島市",
    "jisCode": "402303",
    "url": "https://www.city.itoshima.lg.jp/s011/010/010/010/010/kaisoukyoka.html",
    "pdfUrl": ""
  },
  {
    "prefecture": "福岡県",
    "municipality": "宇美町",
    "jisCode": "403415",
    "url": "https://www.town.umi.lg.jp/soshiki/40/31879.html",
    "pdfUrl": ""
  },
  {
    "prefecture": "福岡県",
    "municipality": "篠栗町",
    "jisCode": "403423",
    "url": "https://www.town.sasaguri.fukuoka.jp/soshiki/toshi_seibi/1/2602.html",
    "pdfUrl": ""
  },
  {
    "prefecture": "福岡県",
    "municipality": "志免町",
    "jisCode": "403431",
    "url": "https://www.town.shime.lg.jp/soshiki/8/kaisoukyokasinnsei.html",
    "pdfUrl": ""
  },
  {
    "prefecture": "福岡県",
    "municipality": "須恵町",
    "jisCode": "403440",
    "url": "https://www.town.sue.fukuoka.jp/soshiki/chiikishinkoka/1354.html",
    "pdfUrl": ""
  },
  {
    "prefecture": "福岡県",
    "municipality": "新宮町",
    "jisCode": "403458",
    "url": "https://www.town.shingu.fukuoka.jp/soshiki/kankyo/8/1228.html",
    "pdfUrl": ""
  },
  {
    "prefecture": "福岡県",
    "municipality": "久山町",
    "jisCode": "403482",
    "url": "https://www.town.hisayama.fukuoka.jp/soshiki/chomin_seikatsu/gyomu/1/2283.html",
    "pdfUrl": ""
  },
  {
    "prefecture": "福岡県",
    "municipality": "粕屋町",
    "jisCode": "403491",
    "url": "https://www.town.kasuya.fukuoka.jp/s033/download/010/20191106161919.html",
    "pdfUrl": ""
  },
  {
    "prefecture": "福岡県",
    "municipality": "芦屋町",
    "jisCode": "403814",
    "url": "https://www.town.ashiya.lg.jp/soshiki/7/1188.html",
    "pdfUrl": ""
  },
  {
    "prefecture": "福岡県",
    "municipality": "水巻町",
    "jisCode": "403822",
    "url": "https://www.town.mizumaki.lg.jp/s035/kurashi/020/160/20200110103000.html",
    "pdfUrl": ""
  },
  {
    "prefecture": "福岡県",
    "municipality": "岡垣町",
    "jisCode": "403831",
    "url": "https://www.town.okagaki.lg.jp/s010/20190109144822.html",
    "pdfUrl": ""
  },
  {
    "prefecture": "福岡県",
    "municipality": "遠賀町",
    "jisCode": "403849",
    "url": "https://www.town.onga.lg.jp/soshiki/9/1330.html",
    "pdfUrl": ""
  },
  {
    "prefecture": "福岡県",
    "municipality": "小竹町",
    "jisCode": "404012",
    "url": "https://town.kotake.lg.jp/hpkiji/pub/detail.aspx?c_id=3&id=1286&bk=slist",
    "pdfUrl": ""
  },
  {
    "prefecture": "福岡県",
    "municipality": "鞍手町",
    "jisCode": "404021",
    "url": "https://www.town.kurate.lg.jp/kankyou/kaisoukyoka-bunnkotusyoumei.html",
    "pdfUrl": ""
  },
  {
    "prefecture": "福岡県",
    "municipality": "桂川町",
    "jisCode": "404217",
    "url": "https://www.town.keisen.fukuoka.jp/townspeople/download/hoken.php",
    "pdfUrl": ""
  },
  {
    "prefecture": "福岡県",
    "municipality": "大刀洗町",
    "jisCode": "405035",
    "url": "https://www.town.tachiarai.fukuoka.jp/kiji00397/index.html",
    "pdfUrl": ""
  },
  {
    "prefecture": "福岡県",
    "municipality": "大木町",
    "jisCode": "405221",
    "url": "https://www.town.ooki.lg.jp/kurashi/4458.html",
    "pdfUrl": ""
  },
  {
    "prefecture": "福岡県",
    "municipality": "香春町",
    "jisCode": "406015",
    "url": "https://www.town.kawara.fukuoka.jp/s013/020/030/010/20171122150654.html",
    "pdfUrl": ""
  },
  {
    "prefecture": "福岡県",
    "municipality": "添田町",
    "jisCode": "406023",
    "url": "https://www.town.soeda.fukuoka.jp/page/1004.html",
    "pdfUrl": ""
  },
  {
    "prefecture": "福岡県",
    "municipality": "糸田町",
    "jisCode": "406040",
    "url": "https://www.town.itoda.lg.jp/residents/certificates/reburial_permit/reburial_permit_request.html",
    "pdfUrl": ""
  },
  {
    "prefecture": "福岡県",
    "municipality": "大任町",
    "jisCode": "406082",
    "url": "https://www.town.oto.fukuoka.jp/kiji003481/index.html",
    "pdfUrl": ""
  },
  {
    "prefecture": "福岡県",
    "municipality": "福智町",
    "jisCode": "406104",
    "url": "https://www.town.fukuchi.lg.jp/life/shoumei/2063.html",
    "pdfUrl": ""
  },
  {
    "prefecture": "福岡県",
    "municipality": "苅田町",
    "jisCode": "406210",
    "url": "https://www.town.kanda.lg.jp/page/1940.html",
    "pdfUrl": ""
  },
  {
    "prefecture": "福岡県",
    "municipality": "みやこ町",
    "jisCode": "406252",
    "url": "https://www.town.miyako.lg.jp/jyuumin/kaisoukyokasinnseisyo.html",
    "pdfUrl": ""
  },
  {
    "prefecture": "福岡県",
    "municipality": "吉富町",
    "jisCode": "406422",
    "url": "https://www.town.yoshitomi.lg.jp/gyosei/chosei/v995/y209/jumin/y949/g355/",
    "pdfUrl": ""
  },
  {
    "prefecture": "福岡県",
    "municipality": "築上町",
    "jisCode": "406473",
    "url": "https://www.town.chikujo.fukuoka.jp/s038/050/080/090/010/kaisokyoka.html",
    "pdfUrl": ""
  },
  {
    "prefecture": "佐賀県",
    "municipality": "佐賀市",
    "jisCode": "412015",
    "url": "https://www.city.saga.lg.jp/main/51383.html",
    "pdfUrl": ""
  },
  {
    "prefecture": "佐賀県",
    "municipality": "唐津市",
    "jisCode": "412023",
    "url": "https://www.city.karatsu.lg.jp/page/3955.html",
    "pdfUrl": ""
  },
  {
    "prefecture": "佐賀県",
    "municipality": "鳥栖市",
    "jisCode": "412031",
    "url": "https://www.city.tosu.lg.jp/soshiki/17/1313.html",
    "pdfUrl": ""
  },
  {
    "prefecture": "佐賀県",
    "municipality": "多久市",
    "jisCode": "412040",
    "url": "https://www.city.taku.lg.jp/soshiki/24/18415.html",
    "pdfUrl": ""
  },
  {
    "prefecture": "佐賀県",
    "municipality": "伊万里市",
    "jisCode": "412058",
    "url": "https://www.city.imari.lg.jp/4665.htm",
    "pdfUrl": ""
  },
  {
    "prefecture": "佐賀県",
    "municipality": "武雄市",
    "jisCode": "412066",
    "url": "https://www.city.takeo.lg.jp/benri/madoguchi/sodan/000080.html",
    "pdfUrl": ""
  },
  {
    "prefecture": "佐賀県",
    "municipality": "鹿島市",
    "jisCode": "412074",
    "url": "https://www.city.saga-kashima.lg.jp/main/3002.html",
    "pdfUrl": ""
  },
  {
    "prefecture": "佐賀県",
    "municipality": "小城市",
    "jisCode": "412082",
    "url": "https://www.city.ogi.lg.jp/main/3496.html",
    "pdfUrl": ""
  },
  {
    "prefecture": "佐賀県",
    "municipality": "嬉野市",
    "jisCode": "412091",
    "url": "https://www.city.ureshino.lg.jp/kurashi/koseki/_24590/_21132.html",
    "pdfUrl": ""
  },
  {
    "prefecture": "佐賀県",
    "municipality": "神埼市",
    "jisCode": "412104",
    "url": "https://www.city.kanzaki.saga.jp/site_files/file/2025/202505/p1ir1j7s6k108br23ha19rbv354.pdf",
    "pdfUrl": "https://www.city.kanzaki.saga.jp/site_files/file/2025/202505/p1ir1j7s6k108br23ha19rbv354.pdf"
  },
  {
    "prefecture": "佐賀県",
    "municipality": "吉野ヶ里町",
    "jisCode": "413275",
    "url": "https://www.town.yoshinogari.lg.jp/lifeinfo/kurashi_tetsuzuki/gomi_kankyo_petto/3/1458.html",
    "pdfUrl": ""
  },
  {
    "prefecture": "佐賀県",
    "municipality": "基山町",
    "jisCode": "413411",
    "url": "https://www.town.kiyama.lg.jp/kiji0031544/index.html",
    "pdfUrl": ""
  },
  {
    "prefecture": "佐賀県",
    "municipality": "上峰町",
    "jisCode": "413453",
    "url": "https://www.town.kamimine.lg.jp/kiji003145/index.html",
    "pdfUrl": ""
  },
  {
    "prefecture": "佐賀県",
    "municipality": "みやき町",
    "jisCode": "413461",
    "url": "https://www.town.miyaki.lg.jp/kurashi/kankyo/_1309.html",
    "pdfUrl": ""
  },
  {
    "prefecture": "佐賀県",
    "municipality": "玄海町",
    "jisCode": "413879",
    "url": "https://www.town.genkai.lg.jp/soshiki/20/36719.html",
    "pdfUrl": ""
  },
  {
    "prefecture": "佐賀県",
    "municipality": "有田町",
    "jisCode": "414018",
    "url": "https://www.town.arita.lg.jp/kiji003842/index.html",
    "pdfUrl": ""
  },
  {
    "prefecture": "佐賀県",
    "municipality": "大町町",
    "jisCode": "414239",
    "url": "https://www.town.omachi.lg.jp/kiji003970/index.html",
    "pdfUrl": ""
  },
  {
    "prefecture": "佐賀県",
    "municipality": "江北町",
    "jisCode": "414247",
    "url": "https://www.town.kouhoku.saga.jp/kiji003714/index.html",
    "pdfUrl": ""
  },
  {
    "prefecture": "佐賀県",
    "municipality": "白石町",
    "jisCode": "414255",
    "url": "https://www.town.shiroishi.lg.jp/jyuumin/seikatsu/koseki/_2448.html",
    "pdfUrl": ""
  },
  {
    "prefecture": "佐賀県",
    "municipality": "太良町",
    "jisCode": "414417",
    "url": "https://www.town.tara.lg.jp/shinseisyo/_1375/_2504.html",
    "pdfUrl": ""
  },
  {
    "prefecture": "長崎県",
    "municipality": "長崎市",
    "jisCode": "422011",
    "url": "https://www.city.nagasaki.lg.jp/page/2198.html",
    "pdfUrl": ""
  },
  {
    "prefecture": "長崎県",
    "municipality": "佐世保市",
    "jisCode": "422029",
    "url": "https://www.city.sasebo.lg.jp/hokenhukusi/seikat/kasou-bunkotu-kaisou.html",
    "pdfUrl": ""
  },
  {
    "prefecture": "長崎県",
    "municipality": "島原市",
    "jisCode": "422037",
    "url": "https://www.city.shimabara.lg.jp/page1785.html",
    "pdfUrl": ""
  },
  {
    "prefecture": "長崎県",
    "municipality": "諫早市",
    "jisCode": "422045",
    "url": "https://www.city.isahaya.nagasaki.jp/soshiki/38/1761.html",
    "pdfUrl": ""
  },
  {
    "prefecture": "長崎県",
    "municipality": "大村市",
    "jisCode": "422053",
    "url": "https://www.city.omura.nagasaki.jp/kankyou/kurashi/shinsesho/mijikana/kaiso.html",
    "pdfUrl": ""
  },
  {
    "prefecture": "長崎県",
    "municipality": "平戸市",
    "jisCode": "422070",
    "url": "https://www.city.hirado.nagasaki.jp/kurashi/life/process/dl/shimin/dl08.html",
    "pdfUrl": ""
  },
  {
    "prefecture": "長崎県",
    "municipality": "松浦市",
    "jisCode": "422088",
    "url": "https://www.city-matsuura.jp/top/soshikikarasagasu/shiminseikatsuka/juminkakari/3/1111.html",
    "pdfUrl": ""
  },
  {
    "prefecture": "長崎県",
    "municipality": "対馬市",
    "jisCode": "422096",
    "url": "https://www.city.tsushima.nagasaki.jp/gyousei/kurashi/saijo/4387.html",
    "pdfUrl": ""
  },
  {
    "prefecture": "長崎県",
    "municipality": "壱岐市",
    "jisCode": "422100",
    "url": "https://www.city.iki.nagasaki.jp/soshiki/kankyo/kaisou/3882.html",
    "pdfUrl": ""
  },
  {
    "prefecture": "長崎県",
    "municipality": "五島市",
    "jisCode": "422118",
    "url": "https://www.city.goto.nagasaki.jp/s038/020/050/020/010/20190326184650.html",
    "pdfUrl": ""
  },
  {
    "prefecture": "長崎県",
    "municipality": "雲仙市",
    "jisCode": "422134",
    "url": "https://www.city.unzen.nagasaki.jp/kiji0034350/index.html",
    "pdfUrl": ""
  },
  {
    "prefecture": "長崎県",
    "municipality": "長与町",
    "jisCode": "423076",
    "url": "https://webtown.nagayo.jp/kiji003530/index.html",
    "pdfUrl": ""
  },
  {
    "prefecture": "長崎県",
    "municipality": "東彼杵町",
    "jisCode": "423211",
    "url": "https://www.town.higashisonogi.lg.jp/soshiki/chominka/1/kasou_sougi_bochi/867.html",
    "pdfUrl": ""
  },
  {
    "prefecture": "長崎県",
    "municipality": "川棚町",
    "jisCode": "423220",
    "url": "http://kyukyoprd.powercms.hosting/cat01/c1-06/post_541/index.html",
    "pdfUrl": ""
  },
  {
    "prefecture": "長崎県",
    "municipality": "波佐見町",
    "jisCode": "423238",
    "url": "https://www.town.hasami.lg.jp/kiji003929/index.html",
    "pdfUrl": ""
  },
  {
    "prefecture": "長崎県",
    "municipality": "小値賀町",
    "jisCode": "423831",
    "url": "https://www.town.ojika.lg.jp/soshiki/jumin/1/10/976.html",
    "pdfUrl": ""
  },
  {
    "prefecture": "長崎県",
    "municipality": "佐々町",
    "jisCode": "423912",
    "url": "https://www.sazacho-nagasaki.jp/kiji0032160/index.html",
    "pdfUrl": ""
  },
  {
    "prefecture": "長崎県",
    "municipality": "新上五島町",
    "jisCode": "424111",
    "url": "https://official.shinkamigoto.net/cmd/data/entry/download/download.00003.00000017.pdf",
    "pdfUrl": "https://official.shinkamigoto.net/cmd/data/entry/download/download.00003.00000017.pdf"
  },
  {
    "prefecture": "熊本県",
    "municipality": "熊本市",
    "jisCode": "431001",
    "url": "https://www.city.kumamoto.jp/kiji00332773/index.html",
    "pdfUrl": ""
  },
  {
    "prefecture": "熊本県",
    "municipality": "八代市",
    "jisCode": "432024",
    "url": "https://www.city.yatsushiro.lg.jp/kiji00311004/index.html",
    "pdfUrl": ""
  },
  {
    "prefecture": "熊本県",
    "municipality": "人吉市",
    "jisCode": "432032",
    "url": "https://www.city.hitoyoshi.lg.jp/kurashi/ohaka/20864",
    "pdfUrl": ""
  },
  {
    "prefecture": "熊本県",
    "municipality": "荒尾市",
    "jisCode": "432041",
    "url": "https://www.city.arao.lg.jp/kurashi/todokede/4426.html",
    "pdfUrl": ""
  },
  {
    "prefecture": "熊本県",
    "municipality": "玉名市",
    "jisCode": "432067",
    "url": "https://www.city.tamana.lg.jp/q/aview/197/15522.html",
    "pdfUrl": ""
  },
  {
    "prefecture": "熊本県",
    "municipality": "菊池市",
    "jisCode": "432105",
    "url": "https://www.city.kikuchi.lg.jp/article/view/1030/1194.html",
    "pdfUrl": ""
  },
  {
    "prefecture": "熊本県",
    "municipality": "宇土市",
    "jisCode": "432113",
    "url": "https://www.city.uto.lg.jp/article/view/1218/224.html",
    "pdfUrl": ""
  },
  {
    "prefecture": "熊本県",
    "municipality": "上天草市",
    "jisCode": "432121",
    "url": "https://www.city.kamiamakusa.kumamoto.jp/q/aview/128/15090.html",
    "pdfUrl": ""
  },
  {
    "prefecture": "熊本県",
    "municipality": "宇城市",
    "jisCode": "432130",
    "url": "https://www.city.uki.kumamoto.jp/kurashi/owakare/2016320",
    "pdfUrl": ""
  },
  {
    "prefecture": "熊本県",
    "municipality": "阿蘇市",
    "jisCode": "432148",
    "url": "https://www.city.aso.kumamoto.jp/citizens/residence/grave/",
    "pdfUrl": ""
  },
  {
    "prefecture": "熊本県",
    "municipality": "天草市",
    "jisCode": "432156",
    "url": "https://www.city.amakusa.kumamoto.jp/kiji0031188/index.html",
    "pdfUrl": ""
  },
  {
    "prefecture": "熊本県",
    "municipality": "合志市",
    "jisCode": "432164",
    "url": "https://www.city.koshi.lg.jp/kiji00322197/index.html",
    "pdfUrl": ""
  },
  {
    "prefecture": "熊本県",
    "municipality": "南関町",
    "jisCode": "433675",
    "url": "https://www.town.nankan.lg.jp/kurashi/todokede/kaiso/page333.html",
    "pdfUrl": ""
  },
  {
    "prefecture": "熊本県",
    "municipality": "長洲町",
    "jisCode": "433683",
    "url": "https://www.town.nagasu.lg.jp/soshiki/juumin/koseki/kiji0034952/",
    "pdfUrl": ""
  },
  {
    "prefecture": "熊本県",
    "municipality": "南小国町",
    "jisCode": "434230",
    "url": "https://www.town.minamioguni.lg.jp/living/post_53.html",
    "pdfUrl": ""
  },
  {
    "prefecture": "熊本県",
    "municipality": "御船町",
    "jisCode": "434418",
    "url": "https://www.town.mifune.kumamoto.jp/page2890.html",
    "pdfUrl": ""
  },
  {
    "prefecture": "熊本県",
    "municipality": "嘉島町",
    "jisCode": "434426",
    "url": "https://www.town.kumamoto-kashima.lg.jp/q/aview/195/36.html",
    "pdfUrl": ""
  },
  {
    "prefecture": "熊本県",
    "municipality": "益城町",
    "jisCode": "434434",
    "url": "https://www.town.mashiki.lg.jp/kiji003232/index.html",
    "pdfUrl": ""
  },
  {
    "prefecture": "熊本県",
    "municipality": "甲佐町",
    "jisCode": "434442",
    "url": "https://www.town.kosa.lg.jp/q/aview/184/6491.html",
    "pdfUrl": ""
  },
  {
    "prefecture": "熊本県",
    "municipality": "津奈木町",
    "jisCode": "434841",
    "url": "https://www.town.tsunagi.lg.jp/page1649.html",
    "pdfUrl": ""
  },
  {
    "prefecture": "熊本県",
    "municipality": "多良木町",
    "jisCode": "435058",
    "url": "https://www.town.taragi.lg.jp/gyousei/soshiki/juminhoken/kankyo/2510.html",
    "pdfUrl": ""
  },
  {
    "prefecture": "熊本県",
    "municipality": "湯前町",
    "jisCode": "435066",
    "url": "https://www.town.yunomae.lg.jp/kiji003760/index.html",
    "pdfUrl": ""
  },
  {
    "prefecture": "熊本県",
    "municipality": "相良村",
    "jisCode": "435104",
    "url": "https://www.vill.sagara.lg.jp/q/aview/204/2115.html",
    "pdfUrl": ""
  },
  {
    "prefecture": "熊本県",
    "municipality": "あさぎり町",
    "jisCode": "435147",
    "url": "https://www.town.asagiri.lg.jp/kiji0034752/index.html",
    "pdfUrl": ""
  },
  {
    "prefecture": "大分県",
    "municipality": "大分市",
    "jisCode": "442011",
    "url": "https://www.city.oita.oita.jp/o095/kurashi/sogisaijo/1103701100812.html",
    "pdfUrl": ""
  },
  {
    "prefecture": "大分県",
    "municipality": "別府市",
    "jisCode": "442020",
    "url": "https://www.city.beppu.oita.jp/seikatu/kankyou_gomi/boti/sieiboti_kaiso.html",
    "pdfUrl": ""
  },
  {
    "prefecture": "大分県",
    "municipality": "中津市",
    "jisCode": "442038",
    "url": "https://www.city-nakatsu.jp/doc/2015111600085/",
    "pdfUrl": ""
  },
  {
    "prefecture": "大分県",
    "municipality": "日田市",
    "jisCode": "442046",
    "url": "https://www.city.hita.oita.jp/soshiki/shiminkankyobu/kankyoka/kikakusuishin/kaisoukyoka/3016.html",
    "pdfUrl": ""
  },
  {
    "prefecture": "大分県",
    "municipality": "佐伯市",
    "jisCode": "442054",
    "url": "https://www.city.saiki.oita.jp/kiji0032254/index.html",
    "pdfUrl": ""
  },
  {
    "prefecture": "大分県",
    "municipality": "臼杵市",
    "jisCode": "442062",
    "url": "https://www.city.usuki.oita.jp/docs/2021010700016/",
    "pdfUrl": ""
  },
  {
    "prefecture": "大分県",
    "municipality": "津久見市",
    "jisCode": "442071",
    "url": "https://www.city.tsukumi.oita.jp/soshiki/26/25221.html",
    "pdfUrl": ""
  },
  {
    "prefecture": "大分県",
    "municipality": "豊後高田市",
    "jisCode": "442097",
    "url": "https://www.city.bungotakada.oita.jp/soshiki/13/1892.html",
    "pdfUrl": ""
  },
  {
    "prefecture": "大分県",
    "municipality": "杵築市",
    "jisCode": "442101",
    "url": "https://www.city.kitsuki.lg.jp/soshiki/1/siminseikatu/kankyou_eisei/eisei/bochi/748.html",
    "pdfUrl": ""
  },
  {
    "prefecture": "大分県",
    "municipality": "宇佐市",
    "jisCode": "442119",
    "url": "https://www.city.usa.oita.jp/sougo/soshiki/11/seikatsukankyo/hozen/4/1974.html",
    "pdfUrl": ""
  },
  {
    "prefecture": "大分県",
    "municipality": "豊後大野市",
    "jisCode": "442127",
    "url": "https://www.bungo-ohno.jp/docs/2018010900010/",
    "pdfUrl": ""
  },
  {
    "prefecture": "大分県",
    "municipality": "由布市",
    "jisCode": "442135",
    "url": "https://www.city.yufu.oita.jp/kurashi/kankyougomieco/article_82618/article_82619",
    "pdfUrl": ""
  },
  {
    "prefecture": "大分県",
    "municipality": "国東市",
    "jisCode": "442143",
    "url": "https://www.city.kunisaki.oita.jp/soshiki/kankyo-eisei/bochikaisou.html",
    "pdfUrl": ""
  },
  {
    "prefecture": "大分県",
    "municipality": "九重町",
    "jisCode": "444618",
    "url": "https://www.town.kokonoe.oita.jp/docs/2025101500035/",
    "pdfUrl": ""
  },
  {
    "prefecture": "大分県",
    "municipality": "玖珠町",
    "jisCode": "444626",
    "url": "https://www.town.kusu.oita.jp/soshiki/juminka/1/1/2/679.html",
    "pdfUrl": ""
  },
  {
    "prefecture": "宮崎県",
    "municipality": "宮崎市",
    "jisCode": "452017",
    "url": "https://www.city.miyazaki.miyazaki.jp/life/funeral/cemetery/577.html",
    "pdfUrl": ""
  },
  {
    "prefecture": "宮崎県",
    "municipality": "都城市",
    "jisCode": "452025",
    "url": "https://www.city.miyakonojo.miyazaki.jp/soshiki/9/2388.html",
    "pdfUrl": ""
  },
  {
    "prefecture": "宮崎県",
    "municipality": "延岡市",
    "jisCode": "452033",
    "url": "https://www.city.nobeoka.miyazaki.jp/soshiki/24/2683.html",
    "pdfUrl": ""
  },
  {
    "prefecture": "宮崎県",
    "municipality": "日南市",
    "jisCode": "452041",
    "url": "https://www.city.nichinan.lg.jp/soshikikarasagasu/chiikijichika/2/1/1026.html",
    "pdfUrl": ""
  },
  {
    "prefecture": "宮崎県",
    "municipality": "小林市",
    "jisCode": "452050",
    "url": "https://www.city.kobayashi.lg.jp/soshikikarasagasu/shiminseikatsubushiminka/yokuarushitsumon/904.html",
    "pdfUrl": ""
  },
  {
    "prefecture": "宮崎県",
    "municipality": "日向市",
    "jisCode": "452068",
    "url": "https://www.hyugacity.jp/display.php?cont=211109100420",
    "pdfUrl": ""
  },
  {
    "prefecture": "宮崎県",
    "municipality": "串間市",
    "jisCode": "452076",
    "url": "https://www.city.kushima.lg.jp/main/city/graveyard/cat1/post-136.html",
    "pdfUrl": ""
  },
  {
    "prefecture": "宮崎県",
    "municipality": "西都市",
    "jisCode": "452084",
    "url": "https://www.city.saito.lg.jp/kurashi/hikkoshi_jukyo/post_119.html",
    "pdfUrl": ""
  },
  {
    "prefecture": "宮崎県",
    "municipality": "えびの市",
    "jisCode": "452092",
    "url": "https://www.city.ebino.lg.jp/soshiki/shiminkankyo/4/3/1369.html",
    "pdfUrl": ""
  },
  {
    "prefecture": "宮崎県",
    "municipality": "三股町",
    "jisCode": "453412",
    "url": "https://www.town.mimata.lg.jp/contents/114.html",
    "pdfUrl": ""
  },
  {
    "prefecture": "宮崎県",
    "municipality": "高原町",
    "jisCode": "453617",
    "url": "https://www.town.takaharu.lg.jp/uploaded/attachment/1290.pdf",
    "pdfUrl": "https://www.town.takaharu.lg.jp/uploaded/attachment/1290.pdf"
  },
  {
    "prefecture": "宮崎県",
    "municipality": "高鍋町",
    "jisCode": "454010",
    "url": "https://www.town.takanabe.lg.jp/soshiki/chominseikatsu/1/1/4012.html",
    "pdfUrl": ""
  },
  {
    "prefecture": "宮崎県",
    "municipality": "新富町",
    "jisCode": "454028",
    "url": "https://www.town.shintomi.lg.jp/dd.aspx?menuid=5237#ContentPane",
    "pdfUrl": ""
  },
  {
    "prefecture": "宮崎県",
    "municipality": "川南町",
    "jisCode": "454052",
    "url": "https://www.town.kawaminami.miyazaki.jp/soshiki/15/14017.html",
    "pdfUrl": ""
  },
  {
    "prefecture": "宮崎県",
    "municipality": "都農町",
    "jisCode": "454061",
    "url": "https://www.town.tsuno.lg.jp/article?articleId=604ef1a6889ebd12ec684ffe",
    "pdfUrl": ""
  },
  {
    "prefecture": "宮崎県",
    "municipality": "五ヶ瀬町",
    "jisCode": "454435",
    "url": "https://www.town.gokase.miyazaki.jp/kakuka/choumin/2000.html",
    "pdfUrl": ""
  },
  {
    "prefecture": "鹿児島県",
    "municipality": "鹿児島市",
    "jisCode": "462012",
    "url": "https://www.city.kagoshima.lg.jp/kankyo/kankyo/saien/kurashi/bochi/kaiso.html",
    "pdfUrl": ""
  },
  {
    "prefecture": "鹿児島県",
    "municipality": "鹿屋市",
    "jisCode": "462039",
    "url": "https://www.city.kanoya.lg.jp/mado/kurashi/koseki/todokede/kyokashoshinse.html",
    "pdfUrl": ""
  },
  {
    "prefecture": "鹿児島県",
    "municipality": "枕崎市",
    "jisCode": "462047",
    "url": "https://www.city.makurazaki.lg.jp/site/shinsei-navi/23590.html",
    "pdfUrl": ""
  },
  {
    "prefecture": "鹿児島県",
    "municipality": "阿久根市",
    "jisCode": "462063",
    "url": "https://www.city.akune.lg.jp/soshikikarasagasu/kankyosuisanka/seikatsukankyogakari/5/795.html",
    "pdfUrl": ""
  },
  {
    "prefecture": "鹿児島県",
    "municipality": "指宿市",
    "jisCode": "462101",
    "url": "https://www.city.ibusuki.lg.jp/main/kyosei/page011484.html",
    "pdfUrl": ""
  },
  {
    "prefecture": "鹿児島県",
    "municipality": "西之表市",
    "jisCode": "462136",
    "url": "https://www.city.nishinoomote.lg.jp/admin/soshiki/shiminseikatu/kankyoanzen/todokede/4719.html",
    "pdfUrl": ""
  },
  {
    "prefecture": "鹿児島県",
    "municipality": "垂水市",
    "jisCode": "462144",
    "url": "https://www.city.tarumizu.lg.jp/shisetsukanri/kurashi/machi/kankyo/bochi/kaisoukyoka.html",
    "pdfUrl": ""
  },
  {
    "prefecture": "鹿児島県",
    "municipality": "薩摩川内市",
    "jisCode": "462152",
    "url": "https://www.city.satsumasendai.lg.jp/soshiki/1005/2/1/2335.html",
    "pdfUrl": ""
  },
  {
    "prefecture": "鹿児島県",
    "municipality": "曽於市",
    "jisCode": "462179",
    "url": "https://www.city.soo.kagoshima.jp/kurashi/gomikannkyoueisei/2021-0812-1107-14.html",
    "pdfUrl": ""
  },
  {
    "prefecture": "鹿児島県",
    "municipality": "霧島市",
    "jisCode": "462187",
    "url": "https://www.city-kirishima.jp/kankyo/kurashi/saijo/bochi/kaisokyoka.html",
    "pdfUrl": ""
  },
  {
    "prefecture": "鹿児島県",
    "municipality": "南さつま市",
    "jisCode": "462209",
    "url": "https://www.city.minamisatsuma.lg.jp/living/tetsuzuki/kaisou/e022604.html",
    "pdfUrl": ""
  },
  {
    "prefecture": "鹿児島県",
    "municipality": "志布志市",
    "jisCode": "462217",
    "url": "https://www.city.shibushi.lg.jp/soshiki/6/5571.html",
    "pdfUrl": ""
  },
  {
    "prefecture": "鹿児島県",
    "municipality": "奄美市",
    "jisCode": "462225",
    "url": "https://www.city.amami.lg.jp/kankyo/kaisou.html",
    "pdfUrl": ""
  },
  {
    "prefecture": "鹿児島県",
    "municipality": "南九州市",
    "jisCode": "462233",
    "url": "https://www.city.minamikyushu.lg.jp/soshikikarasagasu/shiminseikatsuka/seikatsueisei/2/353.html",
    "pdfUrl": ""
  },
  {
    "prefecture": "鹿児島県",
    "municipality": "伊佐市",
    "jisCode": "462241",
    "url": "https://www.city.isa.kagoshima.jp/life/madoguchi/%E6%88%B8%E7%B1%8D%E3%82%84%E4%BD%8F%E6%B0%91%E7%A5%A8%E3%81%AA%E3%81%A9%E3%81%AE%E5%B1%8A%E5%87%BA%E3%83%BB%E5%90%84%E7%A8%AE%E8%A8%BC%E6%98%8E%E6%9B%B8/%E6%94%B9%E8%91%AC%E8%A8%B1%E5%8F%AF%E7%94%B3%E8%AB%8B%E3%81%AB%E3%81%A4%E3%81%84%E3%81%A6/",
    "pdfUrl": ""
  },
  {
    "prefecture": "鹿児島県",
    "municipality": "姶良市",
    "jisCode": "462250",
    "url": "https://www.city.aira.lg.jp/seikatsu/kurashi/seikatsu/kaisoukyoka20150929.html",
    "pdfUrl": ""
  },
  {
    "prefecture": "鹿児島県",
    "municipality": "さつま町",
    "jisCode": "463922",
    "url": "https://www.satsuma-net.jp/soshiki/yakuba/1006/2/kaso_bochi/267.html",
    "pdfUrl": ""
  },
  {
    "prefecture": "鹿児島県",
    "municipality": "大崎町",
    "jisCode": "464686",
    "url": "https://www.town.kagoshima-osaki.lg.jp/kn_eisei/kankyo/kaisou.html",
    "pdfUrl": ""
  },
  {
    "prefecture": "鹿児島県",
    "municipality": "南種子町",
    "jisCode": "465020",
    "url": "http://www.town.minamitane.kagoshima.jp/life/lifestyle/2.html",
    "pdfUrl": ""
  },
  {
    "prefecture": "鹿児島県",
    "municipality": "喜界町",
    "jisCode": "465291",
    "url": "https://www.town.kikai.lg.jp/eisei/kurashi/sekatsukankyo/kaso.html",
    "pdfUrl": ""
  },
  {
    "prefecture": "沖縄県",
    "municipality": "那覇市",
    "jisCode": "472018",
    "url": "https://www.city.naha.okinawa.jp/online/sinsei/todokede/koseki/kaiso-kyoka.html",
    "pdfUrl": ""
  },
  {
    "prefecture": "沖縄県",
    "municipality": "石垣市",
    "jisCode": "472077",
    "url": "https://www.city.ishigaki.okinawa.jp/soshiki/kankyo/6/cemeteryetc/8872.html",
    "pdfUrl": ""
  },
  {
    "prefecture": "沖縄県",
    "municipality": "糸満市",
    "jisCode": "472107",
    "url": "https://www.city.itoman.lg.jp/soshiki/11/1678.html",
    "pdfUrl": ""
  },
  {
    "prefecture": "沖縄県",
    "municipality": "沖縄市",
    "jisCode": "472115",
    "url": "https://www.city.okinawa.okinawa.jp/k016/download/p000006.html",
    "pdfUrl": ""
  },
  {
    "prefecture": "沖縄県",
    "municipality": "豊見城市",
    "jisCode": "472123",
    "url": "https://www.city.tomigusuku.lg.jp/soshiki/2/1012/gyomuannai/7/624.html",
    "pdfUrl": ""
  },
  {
    "prefecture": "沖縄県",
    "municipality": "宮古島市",
    "jisCode": "472140",
    "url": "https://www.city.miyakojima.lg.jp/kurashi/seikatsu/bochi/2022-0124-1003-264.html",
    "pdfUrl": ""
  },
  {
    "prefecture": "沖縄県",
    "municipality": "南城市",
    "jisCode": "472158",
    "url": "https://www.city.nanjo.okinawa.jp/kurashi/todokede/1738567818/",
    "pdfUrl": ""
  },
  {
    "prefecture": "沖縄県",
    "municipality": "国頭村",
    "jisCode": "473014",
    "url": "http://www.vill.kunigami.okinawa.jp/k_hukusi/%e6%94%b9%e8%91%ac%e8%a8%b1%e5%8f%af%e7%94%b3%e8%ab%8b%e3%81%ab%e3%81%a4%e3%81%84%e3%81%a6/",
    "pdfUrl": ""
  },
  {
    "prefecture": "沖縄県",
    "municipality": "南風原町",
    "jisCode": "473502",
    "url": "https://www.town.haebaru.lg.jp/uploaded/attachment/9581.pdf",
    "pdfUrl": "https://www.town.haebaru.lg.jp/uploaded/attachment/9581.pdf"
  },
  {
    "prefecture": "沖縄県",
    "municipality": "粟国村",
    "jisCode": "473553",
    "url": "https://www.vill.aguni.okinawa.jp/soshiki/somu/soumukajyouhou/soumu/gyousei/26.html",
    "pdfUrl": ""
  },
  {
    "prefecture": "沖縄県",
    "municipality": "伊平屋村",
    "jisCode": "473596",
    "url": "https://www.vill.iheya.okinawa.jp/uploaded/life/2135_2598_misc.pdf",
    "pdfUrl": "https://www.vill.iheya.okinawa.jp/uploaded/life/2135_2598_misc.pdf"
  },
  {
    "prefecture": "沖縄県",
    "municipality": "伊是名村",
    "jisCode": "473600",
    "url": "https://vill.izena.okinawa.jp/lifeevent/okuyami/1539844432/",
    "pdfUrl": ""
  },
  {
    "prefecture": "沖縄県",
    "municipality": "久米島町",
    "jisCode": "473618",
    "url": "https://www.town.kumejima.okinawa.jp/docs/kaisou/",
    "pdfUrl": ""
  }
]